RecSN,dtf,Hex,GPS Names,rkm,Genrkm,Rel_group,FishID,Lat,Lon,Weight,Length,Surgeon,ID
Downstream_Release,3/12/2019 20:41,BEEA,Downstream_Release,183.59,183.59,2019DS,,37.68777,-121.26221,5.2,81,,
Downstream_Release,3/12/2019 20:41,BA5C,Downstream_Release,183.59,183.59,2019DS,,37.68777,-121.26221,4.3,75,,
Downstream_Release,3/12/2019 20:41,C7AA,Downstream_Release,183.59,183.59,2019DS,,37.68777,-121.26221,4.9,80,,
Downstream_Release,3/12/2019 20:41,BD26,Downstream_Release,183.59,183.59,2019DS,,37.68777,-121.26221,5.8,80,,
Downstream_Release,3/12/2019 20:41,C55B,Downstream_Release,183.59,183.59,2019DS,,37.68777,-121.26221,4.8,79,,
Downstream_Release,3/12/2019 20:41,C50A,Downstream_Release,183.59,183.59,2019DS,,37.68777,-121.26221,5,79,,
Downstream_Release,3/12/2019 20:41,BD4D,Downstream_Release,183.59,183.59,2019DS,,37.68777,-121.26221,5,79,,
Downstream_Release,3/12/2019 20:41,BAD9,Downstream_Release,183.59,183.59,2019DS,,37.68777,-121.26221,5.7,84,,
Downstream_Release,3/12/2019 20:41,BD22,Downstream_Release,183.59,183.59,2019DS,,37.68777,-121.26221,4.8,80,,
Downstream_Release,3/12/2019 20:41,BD5E,Downstream_Release,183.59,183.59,2019DS,,37.68777,-121.26221,4.6,77,,
Downstream_Release,3/12/2019 20:41,C5A9,Downstream_Release,183.59,183.59,2019DS,,37.68777,-121.26221,5.5,82,,
Downstream_Release,3/12/2019 20:41,BF2A,Downstream_Release,183.59,183.59,2019DS,,37.68777,-121.26221,5,80,,
Downstream_Release,3/12/2019 20:41,C52E,Downstream_Release,183.59,183.59,2019DS,,37.68777,-121.26221,5.7,83,,
Downstream_Release,3/12/2019 20:41,BBEA,Downstream_Release,183.59,183.59,2019DS,,37.68777,-121.26221,5.1,80,,
Downstream_Release,3/12/2019 20:41,BEA4,Downstream_Release,183.59,183.59,2019DS,,37.68777,-121.26221,5.1,81,,
Downstream_Release,3/12/2019 20:41,BAEC,Downstream_Release,183.59,183.59,2019DS,,37.68777,-121.26221,4.9,80,,
Downstream_Release,3/12/2019 20:41,C2DA,Downstream_Release,183.59,183.59,2019DS,,37.68777,-121.26221,4.9,79,,
Downstream_Release,3/12/2019 20:41,BD6D,Downstream_Release,183.59,183.59,2019DS,,37.68777,-121.26221,4.4,78,,
Downstream_Release,3/12/2019 20:41,C252,Downstream_Release,183.59,183.59,2019DS,,37.68777,-121.26221,4.6,79,,
Downstream_Release,3/12/2019 20:41,BA8E,Downstream_Release,183.59,183.59,2019DS,,37.68777,-121.26221,4.7,77,,
Downstream_Release,3/12/2019 20:41,C26A,Downstream_Release,183.59,183.59,2019DS,,37.68777,-121.26221,4.7,78,,
Downstream_Release,3/12/2019 20:41,BBBA,Downstream_Release,183.59,183.59,2019DS,,37.68777,-121.26221,4.4,76,,
Downstream_Release,3/12/2019 20:41,BA82,Downstream_Release,183.59,183.59,2019DS,,37.68777,-121.26221,4.8,79,,
Downstream_Release,3/12/2019 20:41,C4A6,Downstream_Release,183.59,183.59,2019DS,,37.68777,-121.26221,5.5,83,,
Downstream_Release,3/12/2019 20:41,C5B2,Downstream_Release,183.59,183.59,2019DS,,37.68777,-121.26221,5.6,82,,
Downstream_Release,3/12/2019 20:41,BB66,Downstream_Release,183.59,183.59,2019DS,,37.68777,-121.26221,5.3,81,,
Downstream_Release,3/12/2019 20:41,BB7A,Downstream_Release,183.59,183.59,2019DS,,37.68777,-121.26221,5,79,,
Downstream_Release,3/12/2019 20:41,BAD1,Downstream_Release,183.59,183.59,2019DS,,37.68777,-121.26221,4.4,77,,
Downstream_Release,3/12/2019 20:41,C4B2,Downstream_Release,183.59,183.59,2019DS,,37.68777,-121.26221,4.8,79,,
Downstream_Release,3/12/2019 20:41,BB8A,Downstream_Release,183.59,183.59,2019DS,,37.68777,-121.26221,4.8,79,,
Downstream_Release,3/12/2019 20:41,BC6A,Downstream_Release,183.59,183.59,2019DS,,37.68777,-121.26221,5.2,83,,
Downstream_Release,3/12/2019 20:41,BC5A,Downstream_Release,183.59,183.59,2019DS,,37.68777,-121.26221,7.1,91,,
Downstream_Release,3/12/2019 20:41,BB6C,Downstream_Release,183.59,183.59,2019DS,,37.68777,-121.26221,5.5,82,,
Downstream_Release,3/12/2019 20:41,C545,Downstream_Release,183.59,183.59,2019DS,,37.68777,-121.26221,4.7,79,,
Downstream_Release,3/12/2019 20:41,C4D2,Downstream_Release,183.59,183.59,2019DS,,37.68777,-121.26221,6.6,85,,
Downstream_Release,3/12/2019 20:41,C4AA,Downstream_Release,183.59,183.59,2019DS,,37.68777,-121.26221,6.7,87,,
Downstream_Release,3/12/2019 20:41,C2D2,Downstream_Release,183.59,183.59,2019DS,,37.68777,-121.26221,4.5,76,,
Downstream_Release,3/12/2019 20:41,BEB2,Downstream_Release,183.59,183.59,2019DS,,37.68777,-121.26221,4.5,77,,
Downstream_Release,3/12/2019 20:41,C4D5,Downstream_Release,183.59,183.59,2019DS,,37.68777,-121.26221,4.5,77,,
Downstream_Release,3/12/2019 20:41,C55C,Downstream_Release,183.59,183.59,2019DS,,37.68777,-121.26221,6,84,,
Downstream_Release,3/12/2019 20:41,BABC,Downstream_Release,183.59,183.59,2019DS,,37.68777,-121.26221,5.1,78,,
Downstream_Release,3/12/2019 20:41,C54C,Downstream_Release,183.59,183.59,2019DS,,37.68777,-121.26221,5.5,84,,
Downstream_Release,3/12/2019 20:41,BA75,Downstream_Release,183.59,183.59,2019DS,,37.68777,-121.26221,4.5,78,,
Downstream_Release,3/12/2019 20:41,BB6E,Downstream_Release,183.59,183.59,2019DS,,37.68777,-121.26221,5.6,84,,
Downstream_Release,3/12/2019 20:41,C6D5,Downstream_Release,183.59,183.59,2019DS,,37.68777,-121.26221,5.2,82,,
Downstream_Release,3/12/2019 20:41,C755,Downstream_Release,183.59,183.59,2019DS,,37.68777,-121.26221,5.8,83,,
Downstream_Release,3/12/2019 20:41,C2D6,Downstream_Release,183.59,183.59,2019DS,,37.68777,-121.26221,6.5,82,,
Downstream_Release,3/12/2019 20:41,BC52,Downstream_Release,183.59,183.59,2019DS,,37.68777,-121.26221,4.7,77,,
Downstream_Release,3/12/2019 20:41,BB65,Downstream_Release,183.59,183.59,2019DS,,37.68777,-121.26221,4.3,77,,
Downstream_Release,3/12/2019 20:41,BA9C,Downstream_Release,183.59,183.59,2019DS,,37.68777,-121.26221,6.7,88,,
Downstream_Release,3/12/2019 20:41,C16A,Downstream_Release,183.59,183.59,2019DS,,37.68777,-121.26221,5.2,81,,
Downstream_Release,3/12/2019 20:41,C5EA,Downstream_Release,183.59,183.59,2019DS,,37.68777,-121.26221,5.2,82,,
Downstream_Release,3/12/2019 20:41,C654,Downstream_Release,183.59,183.59,2019DS,,37.68777,-121.26221,5.6,82,,
Downstream_Release,3/12/2019 20:41,BAF6,Downstream_Release,183.59,183.59,2019DS,,37.68777,-121.26221,4.7,79,,
Downstream_Release,3/12/2019 20:41,C4A9,Downstream_Release,183.59,183.59,2019DS,,37.68777,-121.26221,4.3,75,,
Downstream_Release,3/12/2019 20:41,BACD,Downstream_Release,183.59,183.59,2019DS,,37.68777,-121.26221,5.2,79,,
Downstream_Release,3/12/2019 20:41,BEA8,Downstream_Release,183.59,183.59,2019DS,,37.68777,-121.26221,4.7,80,,
Downstream_Release,3/12/2019 20:41,BEAC,Downstream_Release,183.59,183.59,2019DS,,37.68777,-121.26221,4.6,78,,
Downstream_Release,3/12/2019 20:41,BD2E,Downstream_Release,183.59,183.59,2019DS,,37.68777,-121.26221,4.6,78,,
Downstream_Release,3/12/2019 20:41,CAC6,Downstream_Release,183.59,183.59,2019DS,,37.68777,-121.26221,6.4,88,,
Downstream_Release,3/12/2019 20:41,CAC9,Downstream_Release,183.59,183.59,2019DS,,37.68777,-121.26221,4.7,81,,
Downstream_Release,3/12/2019 20:41,CACD,Downstream_Release,183.59,183.59,2019DS,,37.68777,-121.26221,5,77,,
Downstream_Release,3/12/2019 20:41,CA57,Downstream_Release,183.59,183.59,2019DS,,37.68777,-121.26221,5.2,81,,
Downstream_Release,3/12/2019 20:41,CA12,Downstream_Release,183.59,183.59,2019DS,,37.68777,-121.26221,4.6,77,,
Downstream_Release,3/12/2019 20:41,CAEC,Downstream_Release,183.59,183.59,2019DS,,37.68777,-121.26221,5.4,83,,
Downstream_Release,3/12/2019 20:41,C974,Downstream_Release,183.59,183.59,2019DS,,37.68777,-121.26221,6.2,85,,
Downstream_Release,3/12/2019 20:41,CA35,Downstream_Release,183.59,183.59,2019DS,,37.68777,-121.26221,5,80,,
Downstream_Release,3/12/2019 20:41,C96B,Downstream_Release,183.59,183.59,2019DS,,37.68777,-121.26221,5.3,82,,
Downstream_Release,3/12/2019 20:41,CAC4,Downstream_Release,183.59,183.59,2019DS,,37.68777,-121.26221,4.8,77,,
Downstream_Release,3/12/2019 20:41,C914,Downstream_Release,183.59,183.59,2019DS,,37.68777,-121.26221,7,90,,
Downstream_Release,3/12/2019 20:41,C975,Downstream_Release,183.59,183.59,2019DS,,37.68777,-121.26221,5.6,84,,
Downstream_Release,3/12/2019 20:41,CBA5,Downstream_Release,183.59,183.59,2019DS,,37.68777,-121.26221,4.9,81,,
Downstream_Release,3/12/2019 20:41,CAAF,Downstream_Release,183.59,183.59,2019DS,,37.68777,-121.26221,4.5,76,,
Downstream_Release,3/12/2019 20:41,CB2B,Downstream_Release,183.59,183.59,2019DS,,37.68777,-121.26221,5.2,80,,
Downstream_Release,3/12/2019 20:41,CA58,Downstream_Release,183.59,183.59,2019DS,,37.68777,-121.26221,5.2,81,,
Downstream_Release,3/12/2019 20:41,C95E,Downstream_Release,183.59,183.59,2019DS,,37.68777,-121.26221,5.2,81,,
Downstream_Release,3/12/2019 20:41,CB14,Downstream_Release,183.59,183.59,2019DS,,37.68777,-121.26221,5.1,80,,
Downstream_Release,3/12/2019 20:41,CB36,Downstream_Release,183.59,183.59,2019DS,,37.68777,-121.26221,5.1,79,,
Downstream_Release,3/12/2019 20:41,C9D4,Downstream_Release,183.59,183.59,2019DS,,37.68777,-121.26221,4.8,79,,
Downstream_Release,3/12/2019 20:41,CAD1,Downstream_Release,183.59,183.59,2019DS,,37.68777,-121.26221,4.3,78,,
Downstream_Release,3/12/2019 20:41,CA90,Downstream_Release,183.59,183.59,2019DS,,37.68777,-121.26221,5.2,81,,
Downstream_Release,3/12/2019 20:41,CA44,Downstream_Release,183.59,183.59,2019DS,,37.68777,-121.26221,5.8,83,,
Downstream_Release,3/12/2019 20:41,CB4B,Downstream_Release,183.59,183.59,2019DS,,37.68777,-121.26221,4.5,78,,
Downstream_Release,3/12/2019 20:41,C957,Downstream_Release,183.59,183.59,2019DS,,37.68777,-121.26221,5.3,81,,
Downstream_Release,3/12/2019 20:41,C9D6,Downstream_Release,183.59,183.59,2019DS,,37.68777,-121.26221,6.2,86,,
Downstream_Release,3/12/2019 20:41,C922,Downstream_Release,183.59,183.59,2019DS,,37.68777,-121.26221,5.7,85,,
Downstream_Release,3/12/2019 20:41,CA2D,Downstream_Release,183.59,183.59,2019DS,,37.68777,-121.26221,5.3,83,,
Downstream_Release,3/12/2019 20:41,C9AC,Downstream_Release,183.59,183.59,2019DS,,37.68777,-121.26221,4.5,75,,
Downstream_Release,3/12/2019 20:41,CB76,Downstream_Release,183.59,183.59,2019DS,,37.68777,-121.26221,5.7,81,,
Downstream_Release,3/12/2019 20:41,CB66,Downstream_Release,183.59,183.59,2019DS,,37.68777,-121.26221,6.1,82,,
Downstream_Release,3/12/2019 20:41,C95D,Downstream_Release,183.59,183.59,2019DS,,37.68777,-121.26221,4.6,79,,
Downstream_Release,3/12/2019 20:41,CA8E,Downstream_Release,183.59,183.59,2019DS,,37.68777,-121.26221,4.7,73,,
Downstream_Release,3/12/2019 20:41,C91A,Downstream_Release,183.59,183.59,2019DS,,37.68777,-121.26221,7.4,91,,
Downstream_Release,3/12/2019 20:41,CB51,Downstream_Release,183.59,183.59,2019DS,,37.68777,-121.26221,5.6,84,,
Downstream_Release,3/12/2019 20:41,CA4B,Downstream_Release,183.59,183.59,2019DS,,37.68777,-121.26221,5,80,,
Downstream_Release,3/12/2019 20:41,CA51,Downstream_Release,183.59,183.59,2019DS,,37.68777,-121.26221,5.1,81,,
Downstream_Release,3/12/2019 20:41,CB5C,Downstream_Release,183.59,183.59,2019DS,,37.68777,-121.26221,6.5,89,,
Downstream_Release,3/12/2019 20:41,CA72,Downstream_Release,183.59,183.59,2019DS,,37.68777,-121.26221,4.5,77,,
Downstream_Release,3/12/2019 20:41,CA42,Downstream_Release,183.59,183.59,2019DS,,37.68777,-121.26221,4.8,77,,
Downstream_Release,3/12/2019 20:41,CB6E,Downstream_Release,183.59,183.59,2019DS,,37.68777,-121.26221,5.2,82,,
Downstream_Release,3/12/2019 20:41,C9A5,Downstream_Release,183.59,183.59,2019DS,,37.68777,-121.26221,4.5,77,,
Downstream_Release,3/12/2019 20:41,C9AB,Downstream_Release,183.59,183.59,2019DS,,37.68777,-121.26221,5.3,83,,
Downstream_Release,3/12/2019 20:41,CA32,Downstream_Release,183.59,183.59,2019DS,,37.68777,-121.26221,4.9,79,,
Downstream_Release,3/12/2019 20:41,CAF4,Downstream_Release,183.59,183.59,2019DS,,37.68777,-121.26221,5.2,81,,
Downstream_Release,3/12/2019 20:41,CB64,Downstream_Release,183.59,183.59,2019DS,,37.68777,-121.26221,5.4,81,,
Downstream_Release,3/12/2019 20:41,C94E,Downstream_Release,183.59,183.59,2019DS,,37.68777,-121.26221,5.3,84,,
Downstream_Release,3/12/2019 20:41,CB48,Downstream_Release,183.59,183.59,2019DS,,37.68777,-121.26221,4.7,80,,
Downstream_Release,3/12/2019 20:41,CB62,Downstream_Release,183.59,183.59,2019DS,,37.68777,-121.26221,5.1,80,,
Downstream_Release,3/12/2019 20:41,CA62,Downstream_Release,183.59,183.59,2019DS,,37.68777,-121.26221,4.6,76,,
Downstream_Release,3/12/2019 20:41,CB2E,Downstream_Release,183.59,183.59,2019DS,,37.68777,-121.26221,5,81,,
Downstream_Release,3/12/2019 20:41,CB45,Downstream_Release,183.59,183.59,2019DS,,37.68777,-121.26221,5.3,81,,
Downstream_Release,3/12/2019 20:41,CAEB,Downstream_Release,183.59,183.59,2019DS,,37.68777,-121.26221,4.6,80,,
Downstream_Release,3/12/2019 20:41,CAE8,Downstream_Release,183.59,183.59,2019DS,,37.68777,-121.26221,4.6,79,,
Downstream_Release,3/12/2019 20:41,CB24,Downstream_Release,183.59,183.59,2019DS,,37.68777,-121.26221,5.4,82,,
Downstream_Release,3/12/2019 20:41,CA3A,Downstream_Release,183.59,183.59,2019DS,,37.68777,-121.26221,5.3,85,,
Downstream_Release,3/12/2019 20:41,CB3A,Downstream_Release,183.59,183.59,2019DS,,37.68777,-121.26221,5.3,83,,
Downstream_Release,3/12/2019 20:41,C942,Downstream_Release,183.59,183.59,2019DS,,37.68777,-121.26221,5.2,81,,
Downstream_Release,3/12/2019 20:41,C936,Downstream_Release,183.59,183.59,2019DS,,37.68777,-121.26221,7.3,91,,
Downstream_Release,3/12/2019 20:41,C976,Downstream_Release,183.59,183.59,2019DS,,37.68777,-121.26221,5.6,83,,
Downstream_Release,3/12/2019 20:41,CB28,Downstream_Release,183.59,183.59,2019DS,,37.68777,-121.26221,4.7,78,,
Downstream_Release,3/12/2019 20:41,CBA4,Downstream_Release,183.59,183.59,2019DS,,37.68777,-121.26221,4.7,79,,
Downstream_Release,3/12/2019 20:41,CA9D,Downstream_Release,183.59,183.59,2019DS,,37.68777,-121.26221,5,80,,
Downstream_Release,3/12/2019 20:41,CA99,Downstream_Release,183.59,183.59,2019DS,,37.68777,-121.26221,5.4,81,,
Downstream_Release,3/12/2019 20:41,CBAB,Downstream_Release,183.59,183.59,2019DS,,37.68777,-121.26221,4.7,79,,
Downstream_Release,3/12/2019 20:41,CA86,Downstream_Release,183.59,183.59,2019DS,,37.68777,-121.26221,4.6,78,,
Downstream_Release,3/12/2019 20:41,CAE6,Downstream_Release,183.59,183.59,2019DS,,37.68777,-121.26221,4.6,77,,
Downstream_Release,3/12/2019 20:41,CACC,Downstream_Release,183.59,183.59,2019DS,,37.68777,-121.26221,5.2,81,,
Downstream_Release,3/12/2019 20:41,C96A,Downstream_Release,183.59,183.59,2019DS,,37.68777,-121.26221,4.6,78,,
Downstream_Release,3/12/2019 20:41,CA16,Downstream_Release,183.59,183.59,2019DS,,37.68777,-121.26221,6.6,84,,
Downstream_Release,3/12/2019 20:41,CB5E,Downstream_Release,183.59,183.59,2019DS,,37.68777,-121.26221,5.6,84,,
Downstream_Release,3/12/2019 20:41,CA6C,Downstream_Release,183.59,183.59,2019DS,,37.68777,-121.26221,5.4,83,,
Downstream_Release,3/12/2019 20:41,CB6D,Downstream_Release,183.59,183.59,2019DS,,37.68777,-121.26221,5.9,84,,
Downstream_Release,3/12/2019 20:41,CAAE,Downstream_Release,183.59,183.59,2019DS,,37.68777,-121.26221,5.2,81,,
Downstream_Release,3/12/2019 20:41,CA1A,Downstream_Release,183.59,183.59,2019DS,,37.68777,-121.26221,4.8,79,,
Downstream_Release,3/12/2019 20:41,C9AD,Downstream_Release,183.59,183.59,2019DS,,37.68777,-121.26221,4.6,79,,
Downstream_Release,3/12/2019 20:41,CAF2,Downstream_Release,183.59,183.59,2019DS,,37.68777,-121.26221,4.8,79,,
Downstream_Release,3/12/2019 20:41,C9CA,Downstream_Release,183.59,183.59,2019DS,,37.68777,-121.26221,5.3,80,,
Downstream_Release,3/12/2019 20:41,C968,Downstream_Release,183.59,183.59,2019DS,,37.68777,-121.26221,4.8,80,,
Downstream_Release,3/12/2019 20:41,CA91,Downstream_Release,183.59,183.59,2019DS,,37.68777,-121.26221,6.8,90,,
Downstream_Release,3/12/2019 20:41,CA76,Downstream_Release,183.59,183.59,2019DS,,37.68777,-121.26221,4.6,78,,
Downstream_Release,3/12/2019 20:41,C945,Downstream_Release,183.59,183.59,2019DS,,37.68777,-121.26221,4.8,80,,
Downstream_Release,3/12/2019 20:41,CA75,Downstream_Release,183.59,183.59,2019DS,,37.68777,-121.26221,5.2,81,,
Downstream_Release,3/12/2019 20:41,CADC,Downstream_Release,183.59,183.59,2019DS,,37.68777,-121.26221,5.1,79,,
Downstream_Release,3/12/2019 20:41,CAED,Downstream_Release,183.59,183.59,2019DS,,37.68777,-121.26221,6,82,,
Downstream_Release,3/12/2019 20:41,C9AE,Downstream_Release,183.59,183.59,2019DS,,37.68777,-121.26221,5.6,84,,
Downstream_Release,3/12/2019 20:41,C99A,Downstream_Release,183.59,183.59,2019DS,,37.68777,-121.26221,6.3,85,,
Downstream_Release,3/12/2019 20:41,CB16,Downstream_Release,183.59,183.59,2019DS,,37.68777,-121.26221,4.8,82,,
Downstream_Release,3/12/2019 20:41,C9B4,Downstream_Release,183.59,183.59,2019DS,,37.68777,-121.26221,6.1,86,,
Downstream_Release,3/12/2019 20:41,C925,Downstream_Release,183.59,183.59,2019DS,,37.68777,-121.26221,4.5,78,,
Downstream_Release,3/12/2019 20:41,CA24,Downstream_Release,183.59,183.59,2019DS,,37.68777,-121.26221,4.5,77,,
Downstream_Release,3/12/2019 20:41,CA45,Downstream_Release,183.59,183.59,2019DS,,37.68777,-121.26221,6.8,88,,
Downstream_Release,3/12/2019 20:41,CA5D,Downstream_Release,183.59,183.59,2019DS,,37.68777,-121.26221,5.5,82,,
Downstream_Release,3/12/2019 20:41,CB6C,Downstream_Release,183.59,183.59,2019DS,,37.68777,-121.26221,5.6,83,,
Downstream_Release,3/12/2019 20:41,CA64,Downstream_Release,183.59,183.59,2019DS,,37.68777,-121.26221,5,79,,
Downstream_Release,3/12/2019 20:41,CA9C,Downstream_Release,183.59,183.59,2019DS,,37.68777,-121.26221,5.5,83,,
Downstream_Release,3/12/2019 20:41,C924,Downstream_Release,183.59,183.59,2019DS,,37.68777,-121.26221,5.3,83,,
Downstream_Release,3/12/2019 20:41,CAA3,Downstream_Release,183.59,183.59,2019DS,,37.68777,-121.26221,4.8,78,,
Downstream_Release,3/12/2019 20:41,CB46,Downstream_Release,183.59,183.59,2019DS,,37.68777,-121.26221,4.8,80,,
Downstream_Release,3/12/2019 20:41,CAC5,Downstream_Release,183.59,183.59,2019DS,,37.68777,-121.26221,4.7,80,,
Downstream_Release,3/12/2019 20:41,CB74,Downstream_Release,183.59,183.59,2019DS,,37.68777,-121.26221,5.8,84,,
Downstream_Release,3/12/2019 20:41,CA28,Downstream_Release,183.59,183.59,2019DS,,37.68777,-121.26221,4.5,80,,
Downstream_Release,3/12/2019 20:41,CA53,Downstream_Release,183.59,183.59,2019DS,,37.68777,-121.26221,5.3,82,,
Downstream_Release,3/12/2019 20:41,CACE,Downstream_Release,183.59,183.59,2019DS,,37.68777,-121.26221,5.7,82,,
Downstream_Release,3/12/2019 20:41,C92B,Downstream_Release,183.59,183.59,2019DS,,37.68777,-121.26221,5.3,84,,
Downstream_Release,3/12/2019 20:41,C9A2,Downstream_Release,183.59,183.59,2019DS,,37.68777,-121.26221,4.9,81,,
Downstream_Release,3/12/2019 20:41,CA8B,Downstream_Release,183.59,183.59,2019DS,,37.68777,-121.26221,4.9,80,,
Downstream_Release,3/12/2019 20:41,CA5B,Downstream_Release,183.59,183.59,2019DS,,37.68777,-121.26221,5.7,83,,
Downstream_Release,3/12/2019 20:41,CB2D,Downstream_Release,183.59,183.59,2019DS,,37.68777,-121.26221,5.1,82,,
Downstream_Release,3/12/2019 20:41,CA36,Downstream_Release,183.59,183.59,2019DS,,37.68777,-121.26221,4.5,78,,
Downstream_Release,3/12/2019 20:41,CB58,Downstream_Release,183.59,183.59,2019DS,,37.68777,-121.26221,5.1,80,,
Downstream_Release,3/12/2019 20:41,CB8A,Downstream_Release,183.59,183.59,2019DS,,37.68777,-121.26221,5.8,84,,
Downstream_Release,3/12/2019 20:41,CB12,Downstream_Release,183.59,183.59,2019DS,,37.68777,-121.26221,5,81,,
Downstream_Release,3/12/2019 20:41,C9B2,Downstream_Release,183.59,183.59,2019DS,,37.68777,-121.26221,5.8,84,,
Downstream_Release,3/12/2019 20:41,CB26,Downstream_Release,183.59,183.59,2019DS,,37.68777,-121.26221,5,80,,
Downstream_Release,3/12/2019 20:41,CB94,Downstream_Release,183.59,183.59,2019DS,,37.68777,-121.26221,5.1,79,,
Downstream_Release,3/12/2019 20:41,CA8C,Downstream_Release,183.59,183.59,2019DS,,37.68777,-121.26221,5.6,84,,
Downstream_Release,3/12/2019 20:41,C92D,Downstream_Release,183.59,183.59,2019DS,,37.68777,-121.26221,5.5,82,,
Downstream_Release,3/12/2019 20:41,CA84,Downstream_Release,183.59,183.59,2019DS,,37.68777,-121.26221,4.8,80,,
Downstream_Release,3/12/2019 20:41,CA4C,Downstream_Release,183.59,183.59,2019DS,,37.68777,-121.26221,6.4,85,,
Downstream_Release,3/12/2019 20:41,C92C,Downstream_Release,183.59,183.59,2019DS,,37.68777,-121.26221,6.4,86,,
Downstream_Release,3/12/2019 20:41,CA59,Downstream_Release,183.59,183.59,2019DS,,37.68777,-121.26221,4.5,77,,
Downstream_Release,3/12/2019 20:41,CA89,Downstream_Release,183.59,183.59,2019DS,,37.68777,-121.26221,5.3,81,,
Downstream_Release,3/12/2019 20:41,CAD8,Downstream_Release,183.59,183.59,2019DS,,37.68777,-121.26221,4.9,80,,
Downstream_Release,3/12/2019 20:41,CB29,Downstream_Release,183.59,183.59,2019DS,,37.68777,-121.26221,5.3,83,,
Downstream_Release,3/12/2019 20:41,CA4D,Downstream_Release,183.59,183.59,2019DS,,37.68777,-121.26221,5,81,,
Downstream_Release,3/12/2019 20:41,C995,Downstream_Release,183.59,183.59,2019DS,,37.68777,-121.26221,5.2,81,,
Downstream_Release,3/12/2019 20:41,C92E,Downstream_Release,183.59,183.59,2019DS,,37.68777,-121.26221,5.3,83,,
Downstream_Release,3/12/2019 20:41,C915,Downstream_Release,183.59,183.59,2019DS,,37.68777,-121.26221,5.3,84,,
Downstream_Release,3/12/2019 20:41,CAF5,Downstream_Release,183.59,183.59,2019DS,,37.68777,-121.26221,5,82,,
Downstream_Release,3/12/2019 20:41,C95B,Downstream_Release,183.59,183.59,2019DS,,37.68777,-121.26221,5.8,85,,
Downstream_Release,3/12/2019 20:41,CB56,Downstream_Release,183.59,183.59,2019DS,,37.68777,-121.26221,4.6,80,,
Downstream_Release,3/12/2019 20:41,C96E,Downstream_Release,183.59,183.59,2019DS,,37.68777,-121.26221,4.6,80,,
Downstream_Release,3/12/2019 20:41,CB25,Downstream_Release,183.59,183.59,2019DS,,37.68777,-121.26221,5.8,83,,
Downstream_Release,3/12/2019 20:41,CBA2,Downstream_Release,183.59,183.59,2019DS,,37.68777,-121.26221,4.6,79,,
Downstream_Release,3/12/2019 20:41,CABC,Downstream_Release,183.59,183.59,2019DS,,37.68777,-121.26221,4.7,79,,
Downstream_Release,3/12/2019 20:41,CAE9,Downstream_Release,183.59,183.59,2019DS,,37.68777,-121.26221,5.5,82,,
Downstream_Release,3/12/2019 20:41,CA9E,Downstream_Release,183.59,183.59,2019DS,,37.68777,-121.26221,4.6,80,,
Downstream_Release,3/12/2019 20:41,C928,Downstream_Release,183.59,183.59,2019DS,,37.68777,-121.26221,5.9,85,,
Downstream_Release,3/12/2019 20:41,CB5D,Downstream_Release,183.59,183.59,2019DS,,37.68777,-121.26221,4.6,79,,
Downstream_Release,3/12/2019 20:41,CB49,Downstream_Release,183.59,183.59,2019DS,,37.68777,-121.26221,4.8,80,,
Downstream_Release,3/12/2019 20:41,CAEE,Downstream_Release,183.59,183.59,2019DS,,37.68777,-121.26221,4.8,79,,
Downstream_Release,3/12/2019 20:41,CACB,Downstream_Release,183.59,183.59,2019DS,,37.68777,-121.26221,5.7,81,,
Downstream_Release,3/12/2019 20:41,C9A8,Downstream_Release,183.59,183.59,2019DS,,37.68777,-121.26221,5.1,81,,
Downstream_Release,3/12/2019 20:41,C932,Downstream_Release,183.59,183.59,2019DS,,37.68777,-121.26221,5.5,85,,
Downstream_Release,3/12/2019 20:41,CA34,Downstream_Release,183.59,183.59,2019DS,,37.68777,-121.26221,5.9,82,,
Downstream_Release,3/12/2019 20:41,CA48,Downstream_Release,183.59,183.59,2019DS,,37.68777,-121.26221,4.7,80,,
Downstream_Release,3/12/2019 20:41,CAE5,Downstream_Release,183.59,183.59,2019DS,,37.68777,-121.26221,5.4,84,,
Downstream_Release,3/12/2019 20:41,BD45,Downstream_Release,183.59,183.59,2019DS,,37.68777,-121.26221,4.59,80,,
Downstream_Release,3/12/2019 20:41,C594,Downstream_Release,183.59,183.59,2019DS,,37.68777,-121.26221,5.07,81,,
Downstream_Release,3/12/2019 20:41,C5A5,Downstream_Release,183.59,183.59,2019DS,,37.68777,-121.26221,5.01,78,,
Downstream_Release,3/12/2019 20:41,BB6B,Downstream_Release,183.59,183.59,2019DS,,37.68777,-121.26221,5.33,79,,
Downstream_Release,3/12/2019 20:41,BD76,Downstream_Release,183.59,183.59,2019DS,,37.68777,-121.26221,5.16,80,,
Downstream_Release,3/12/2019 20:41,C12A,Downstream_Release,183.59,183.59,2019DS,,37.68777,-121.26221,5.06,77,,
Downstream_Release,3/12/2019 20:41,C48A,Downstream_Release,183.59,183.59,2019DS,,37.68777,-121.26221,4.99,78,,
Downstream_Release,3/12/2019 20:41,BD2D,Downstream_Release,183.59,183.59,2019DS,,37.68777,-121.26221,7.39,90,,
Downstream_Release,3/12/2019 20:41,BAE2,Downstream_Release,183.59,183.59,2019DS,,37.68777,-121.26221,4.3,76,,
Downstream_Release,3/12/2019 20:41,C75A,Downstream_Release,183.59,183.59,2019DS,,37.68777,-121.26221,5.17,80,,
Downstream_Release,3/12/2019 20:41,BAC6,Downstream_Release,183.59,183.59,2019DS,,37.68777,-121.26221,4.43,76,,
Downstream_Release,3/12/2019 20:41,C82A,Downstream_Release,183.59,183.59,2019DS,,37.68777,-121.26221,5.11,80,,
Downstream_Release,3/12/2019 20:41,C59A,Downstream_Release,183.59,183.59,2019DS,,37.68777,-121.26221,4.52,76,,
Downstream_Release,3/12/2019 20:41,C68A,Downstream_Release,183.59,183.59,2019DS,,37.68777,-121.26221,4.85,77,,
Downstream_Release,3/12/2019 20:41,BA9D,Downstream_Release,183.59,183.59,2019DS,,37.68777,-121.26221,5.13,78,,
Downstream_Release,3/12/2019 20:41,BAE5,Downstream_Release,183.59,183.59,2019DS,,37.68777,-121.26221,4.71,78,,
Downstream_Release,3/12/2019 20:41,BD3A,Downstream_Release,183.59,183.59,2019DS,,37.68777,-121.26221,4.46,77,,
Downstream_Release,3/12/2019 20:41,BD75,Downstream_Release,183.59,183.59,2019DS,,37.68777,-121.26221,4.51,77,,
Downstream_Release,3/12/2019 20:41,BF55,Downstream_Release,183.59,183.59,2019DS,,37.68777,-121.26221,5.05,79,,
Downstream_Release,3/12/2019 20:41,C6A6,Downstream_Release,183.59,183.59,2019DS,,37.68777,-121.26221,5.24,80,,
Downstream_Release,3/12/2019 20:41,BB2B,Downstream_Release,183.59,183.59,2019DS,,37.68777,-121.26221,4.42,74,,
Downstream_Release,3/12/2019 20:41,BB36,Downstream_Release,183.59,183.59,2019DS,,37.68777,-121.26221,4.86,79,,
Downstream_Release,3/12/2019 20:41,C5AD,Downstream_Release,183.59,183.59,2019DS,,37.68777,-121.26221,4.4,75,,
Downstream_Release,3/12/2019 20:41,BA9B,Downstream_Release,183.59,183.59,2019DS,,37.68777,-121.26221,5.23,80,,
Downstream_Release,3/12/2019 20:41,BDD4,Downstream_Release,183.59,183.59,2019DS,,37.68777,-121.26221,7.56,91,,
Downstream_Release,3/12/2019 20:41,C2BA,Downstream_Release,183.59,183.59,2019DS,,37.68777,-121.26221,4.65,77,,
Downstream_Release,3/12/2019 20:41,BB35,Downstream_Release,183.59,183.59,2019DS,,37.68777,-121.26221,5.21,81,,
Downstream_Release,3/12/2019 20:41,BD48,Downstream_Release,183.59,183.59,2019DS,,37.68777,-121.26221,4.68,79,,
Downstream_Release,3/12/2019 20:41,C6AA,Downstream_Release,183.59,183.59,2019DS,,37.68777,-121.26221,4.78,79,,
Downstream_Release,3/12/2019 20:41,C515,Downstream_Release,183.59,183.59,2019DS,,37.68777,-121.26221,4.47,76,,
Downstream_Release,3/12/2019 20:41,BABB,Downstream_Release,183.59,183.59,2019DS,,37.68777,-121.26221,4.5,76,,
Downstream_Release,3/12/2019 20:41,BDCA,Downstream_Release,183.59,183.59,2019DS,,37.68777,-121.26221,4.45,77,,
Downstream_Release,3/12/2019 20:41,C852,Downstream_Release,183.59,183.59,2019DS,,37.68777,-121.26221,4.56,77,,
Downstream_Release,3/12/2019 20:41,BC2A,Downstream_Release,183.59,183.59,2019DS,,37.68777,-121.26221,5.34,80,,
Downstream_Release,3/12/2019 20:41,C6CA,Downstream_Release,183.59,183.59,2019DS,,37.68777,-121.26221,5.75,83,,
Downstream_Release,3/12/2019 20:41,BD35,Downstream_Release,183.59,183.59,2019DS,,37.68777,-121.26221,5.73,85,,
Downstream_Release,3/12/2019 20:41,C5B5,Downstream_Release,183.59,183.59,2019DS,,37.68777,-121.26221,5.91,85,,
Downstream_Release,3/12/2019 20:41,BD1A,Downstream_Release,183.59,183.59,2019DS,,37.68777,-121.26221,4.35,75,,
Downstream_Release,3/12/2019 20:41,BCD4,Downstream_Release,183.59,183.59,2019DS,,37.68777,-121.26221,5.48,82,,
Downstream_Release,3/12/2019 20:41,BB75,Downstream_Release,183.59,183.59,2019DS,,37.68777,-121.26221,4.58,76,,
Downstream_Release,3/12/2019 20:41,C6B5,Downstream_Release,183.59,183.59,2019DS,,37.68777,-121.26221,4.93,79,,
Downstream_Release,3/12/2019 20:41,C8A4,Downstream_Release,183.59,183.59,2019DS,,37.68777,-121.26221,4.71,77,,
Downstream_Release,3/12/2019 20:41,C8D6,Downstream_Release,183.59,183.59,2019DS,,37.68777,-121.26221,4.96,79,,
Downstream_Release,3/12/2019 20:41,BABE,Downstream_Release,183.59,183.59,2019DS,,37.68777,-121.26221,4.84,78,,
Downstream_Release,3/12/2019 20:41,BAA0,Downstream_Release,183.59,183.59,2019DS,,37.68777,-121.26221,5.55,81,,
Downstream_Release,3/12/2019 20:41,C542,Downstream_Release,183.59,183.59,2019DS,,37.68777,-121.26221,4.71,79,,
Downstream_Release,3/12/2019 20:41,BBD5,Downstream_Release,183.59,183.59,2019DS,,37.68777,-121.26221,4.79,79,,
Downstream_Release,3/12/2019 20:41,C532,Downstream_Release,183.59,183.59,2019DS,,37.68777,-121.26221,4.95,79,,
Downstream_Release,3/12/2019 20:41,C549,Downstream_Release,183.59,183.59,2019DS,,37.68777,-121.26221,4.34,75,,
Downstream_Release,3/12/2019 20:41,C46A,Downstream_Release,183.59,183.59,2019DS,,37.68777,-121.26221,4.37,78,,
Downstream_Release,3/12/2019 20:41,BBA9,Downstream_Release,183.59,183.59,2019DS,,37.68777,-121.26221,5.42,80,,
Downstream_Release,3/12/2019 20:41,C854,Downstream_Release,183.59,183.59,2019DS,,37.68777,-121.26221,5.41,82,,
Downstream_Release,3/12/2019 20:41,BCB4,Downstream_Release,183.59,183.59,2019DS,,37.68777,-121.26221,5.04,80,,
Downstream_Release,3/12/2019 20:41,C562,Downstream_Release,183.59,183.59,2019DS,,37.68777,-121.26221,4.82,79,,
Downstream_Release,3/12/2019 20:41,BB9A,Downstream_Release,183.59,183.59,2019DS,,37.68777,-121.26221,5.06,79,,
Downstream_Release,3/12/2019 20:41,C894,Downstream_Release,183.59,183.59,2019DS,,37.68777,-121.26221,5.32,81,,
Downstream_Release,3/12/2019 20:41,C64A,Downstream_Release,183.59,183.59,2019DS,,37.68777,-121.26221,5.71,83,,
Downstream_Release,3/12/2019 20:41,BA91,Downstream_Release,183.59,183.59,2019DS,,37.68777,-121.26221,4.97,79,,
Downstream_Release,3/12/2019 20:41,BCB5,Downstream_Release,183.59,183.59,2019DS,,37.68777,-121.26221,5.85,83,,
Downstream_Release,3/12/2019 20:41,BB4E,Downstream_Release,183.59,183.59,2019DS,,37.68777,-121.26221,4.6,79,,
Downstream_Release,3/12/2019 20:41,C5A2,Downstream_Release,183.59,183.59,2019DS,,37.68777,-121.26221,5.62,83,,
Downstream_Release,3/12/2019 20:41,BCA5,Downstream_Release,183.59,183.59,2019DS,,37.68777,-121.26221,5.22,79,,
Downstream_Release,3/12/2019 20:41,C56E,Downstream_Release,183.59,183.59,2019DS,,37.68777,-121.26221,4.44,78,,
Downstream_Release,3/12/2019 20:41,BED4,Downstream_Release,183.59,183.59,2019DS,,37.68777,-121.26221,4.54,77,,
Downstream_Release,3/12/2019 20:41,BAD7,Downstream_Release,183.59,183.59,2019DS,,37.68777,-121.26221,7.1,91,,
Downstream_Release,3/12/2019 20:41,BDA4,Downstream_Release,183.59,183.59,2019DS,,37.68777,-121.26221,5.15,79,,
Downstream_Release,3/12/2019 20:41,C695,Downstream_Release,183.59,183.59,2019DS,,37.68777,-121.26221,5.64,84,,
Downstream_Release,3/12/2019 20:41,BB62,Downstream_Release,183.59,183.59,2019DS,,37.68777,-121.26221,5.59,84,,
Downstream_Release,3/12/2019 20:41,C8A9,Downstream_Release,183.59,183.59,2019DS,,37.68777,-121.26221,5.1,80,,
Downstream_Release,3/12/2019 20:41,BAA3,Downstream_Release,183.59,183.59,2019DS,,37.68777,-121.26221,4.66,78,,
Downstream_Release,3/12/2019 20:41,BAC5,Downstream_Release,183.59,183.59,2019DS,,37.68777,-121.26221,4.84,79,,
Downstream_Release,3/12/2019 20:41,BE96,Downstream_Release,183.59,183.59,2019DS,,37.68777,-121.26221,4.88,79,,
Downstream_Release,3/12/2019 20:41,BBAE,Downstream_Release,183.59,183.59,2019DS,,37.68777,-121.26221,5.74,80,,
Downstream_Release,3/12/2019 20:41,C6D4,Downstream_Release,183.59,183.59,2019DS,,37.68777,-121.26221,4.99,80,,
Downstream_Release,3/12/2019 20:41,C5A8,Downstream_Release,183.59,183.59,2019DS,,37.68777,-121.26221,5.64,84,,
Downstream_Release,3/12/2019 20:41,C55D,Downstream_Release,183.59,183.59,2019DS,,37.68777,-121.26221,5.56,84,,
Downstream_Release,3/12/2019 20:41,BCA6,Downstream_Release,183.59,183.59,2019DS,,37.68777,-121.26221,5.06,81,,
Downstream_Release,3/12/2019 20:41,C896,Downstream_Release,183.59,183.59,2019DS,,37.68777,-121.26221,4.6,77,,
Downstream_Release,3/12/2019 20:41,C5D4,Downstream_Release,183.59,183.59,2019DS,,37.68777,-121.26221,5.06,82,,
Downstream_Release,3/12/2019 20:41,C572,Downstream_Release,183.59,183.59,2019DS,,37.68777,-121.26221,4.63,77,,
Downstream_Release,3/12/2019 20:41,C596,Downstream_Release,183.59,183.59,2019DS,,37.68777,-121.26221,5.34,81,,
Downstream_Release,3/12/2019 20:41,BD64,Downstream_Release,183.59,183.59,2019DS,,37.68777,-121.26221,4.9,80,,
Downstream_Release,3/12/2019 20:41,BD74,Downstream_Release,183.59,183.59,2019DS,,37.68777,-121.26221,4.63,78,,
Downstream_Release,3/12/2019 20:41,C553,Downstream_Release,183.59,183.59,2019DS,,37.68777,-121.26221,4.72,77,,
Downstream_Release,3/12/2019 20:41,CAB1,Downstream_Release,183.59,183.59,2019DS,,37.68777,-121.26221,4.64,77,,
Downstream_Release,3/12/2019 20:41,C494,Downstream_Release,183.59,183.59,2019DS,,37.68777,-121.26221,4.89,79,,
Downstream_Release,3/12/2019 20:41,CA56,Downstream_Release,183.59,183.59,2019DS,,37.68777,-121.26221,5.36,81,,
Downstream_Release,3/12/2019 20:41,CABB,Downstream_Release,183.59,183.59,2019DS,,37.68777,-121.26221,5.16,81,,
Downstream_Release,3/12/2019 20:41,C929,Downstream_Release,183.59,183.59,2019DS,,37.68777,-121.26221,4.53,77,,
Downstream_Release,3/12/2019 20:41,C969,Downstream_Release,183.59,183.59,2019DS,,37.68777,-121.26221,5.68,83,,
Downstream_Release,3/12/2019 20:41,CAC8,Downstream_Release,183.59,183.59,2019DS,,37.68777,-121.26221,5.94,82,,
Downstream_Release,3/12/2019 20:41,CABE,Downstream_Release,183.59,183.59,2019DS,,37.68777,-121.26221,6.5,82,,
Downstream_Release,3/12/2019 20:41,CA5C,Downstream_Release,183.59,183.59,2019DS,,37.68777,-121.26221,5.4,82,,
Downstream_Release,3/12/2019 20:41,CB57,Downstream_Release,183.59,183.59,2019DS,,37.68777,-121.26221,5.06,80,,
Downstream_Release,3/12/2019 20:41,C90A,Downstream_Release,183.59,183.59,2019DS,,37.68777,-121.26221,4.89,80,,
Downstream_Release,3/12/2019 20:41,CB32,Downstream_Release,183.59,183.59,2019DS,,37.68777,-121.26221,6.7,88,,
Downstream_Release,3/12/2019 20:41,CA98,Downstream_Release,183.59,183.59,2019DS,,37.68777,-121.26221,4.69,78,,
Downstream_Release,3/12/2019 20:41,CAFA,Downstream_Release,183.59,183.59,2019DS,,37.68777,-121.26221,5.51,81,,
Downstream_Release,3/12/2019 20:41,C9D2,Downstream_Release,183.59,183.59,2019DS,,37.68777,-121.26221,5.11,82,,
Downstream_Release,3/12/2019 20:41,CB59,Downstream_Release,183.59,183.59,2019DS,,37.68777,-121.26221,4.64,77,,
Downstream_Release,3/12/2019 20:41,CA50,Downstream_Release,183.59,183.59,2019DS,,37.68777,-121.26221,5.58,79,,
Downstream_Release,3/12/2019 20:41,CAA7,Downstream_Release,183.59,183.59,2019DS,,37.68777,-121.26221,4.65,79,,
Downstream_Release,3/12/2019 20:41,CBAC,Downstream_Release,183.59,183.59,2019DS,,37.68777,-121.26221,6.13,84,,
Downstream_Release,3/12/2019 20:41,C966,Downstream_Release,183.59,183.59,2019DS,,37.68777,-121.26221,5.24,78,,
Downstream_Release,3/12/2019 20:41,CAB4,Downstream_Release,183.59,183.59,2019DS,,37.68777,-121.26221,4.77,78,,
Downstream_Release,3/12/2019 20:41,CA7A,Downstream_Release,183.59,183.59,2019DS,,37.68777,-121.26221,4.9,80,,
Downstream_Release,3/12/2019 20:41,CBA6,Downstream_Release,183.59,183.59,2019DS,,37.68777,-121.26221,5.26,82,,
Downstream_Release,3/12/2019 20:41,CB69,Downstream_Release,183.59,183.59,2019DS,,37.68777,-121.26221,5.27,81,,
Downstream_Release,3/12/2019 20:41,CAD7,Downstream_Release,183.59,183.59,2019DS,,37.68777,-121.26221,5.38,81,,
Downstream_Release,3/12/2019 20:41,C9A9,Downstream_Release,183.59,183.59,2019DS,,37.68777,-121.26221,5.29,83,,
Downstream_Release,3/12/2019 20:41,CA14,Downstream_Release,183.59,183.59,2019DS,,37.68777,-121.26221,4.76,77,,
Downstream_Release,3/12/2019 20:41,CAD3,Downstream_Release,183.59,183.59,2019DS,,37.68777,-121.26221,6.01,85,,
Downstream_Release,3/12/2019 20:41,CAF6,Downstream_Release,183.59,183.59,2019DS,,37.68777,-121.26221,4.68,76,,
Downstream_Release,3/12/2019 20:41,CA0A,Downstream_Release,183.59,183.59,2019DS,,37.68777,-121.26221,4.5,77,,
Downstream_Release,3/12/2019 20:41,CAB0,Downstream_Release,183.59,183.59,2019DS,,37.68777,-121.26221,4.94,77,,
Downstream_Release,3/12/2019 20:41,CBA9,Downstream_Release,183.59,183.59,2019DS,,37.68777,-121.26221,5.54,82,,
Downstream_Release,3/12/2019 20:41,CAB8,Downstream_Release,183.59,183.59,2019DS,,37.68777,-121.26221,5.68,81,,
Downstream_Release,3/12/2019 20:41,CB68,Downstream_Release,183.59,183.59,2019DS,,37.68777,-121.26221,4.87,79,,
Downstream_Release,3/12/2019 20:41,CB0A,Downstream_Release,183.59,183.59,2019DS,,37.68777,-121.26221,4.78,80,,
Downstream_Release,3/12/2019 20:41,CA2E,Downstream_Release,183.59,183.59,2019DS,,37.68777,-121.26221,5.18,80,,
Downstream_Release,3/12/2019 20:41,C996,Downstream_Release,183.59,183.59,2019DS,,37.68777,-121.26221,4.96,79,,
Downstream_Release,3/12/2019 20:41,CAB3,Downstream_Release,183.59,183.59,2019DS,,37.68777,-121.26221,4.64,78,,
Downstream_Release,3/12/2019 20:41,CB96,Downstream_Release,183.59,183.59,2019DS,,37.68777,-121.26221,4.53,77,,
Downstream_Release,3/12/2019 20:41,C96C,Downstream_Release,183.59,183.59,2019DS,,37.68777,-121.26221,6.36,82,,
Downstream_Release,3/12/2019 20:41,CB5B,Downstream_Release,183.59,183.59,2019DS,,37.68777,-121.26221,5.72,85,,
Downstream_Release,3/12/2019 20:41,C9D5,Downstream_Release,183.59,183.59,2019DS,,37.68777,-121.26221,5.12,80,,
Downstream_Release,3/12/2019 20:41,CA26,Downstream_Release,183.59,183.59,2019DS,,37.68777,-121.26221,5.02,81,,
Downstream_Release,3/12/2019 20:41,C959,Downstream_Release,183.59,183.59,2019DS,,37.68777,-121.26221,4.6,78,,
Downstream_Release,3/12/2019 20:41,C972,Downstream_Release,183.59,183.59,2019DS,,37.68777,-121.26221,6.7,89,,
Downstream_Release,3/12/2019 20:41,CAA1,Downstream_Release,183.59,183.59,2019DS,,37.68777,-121.26221,6.62,88,,
Downstream_Release,3/12/2019 20:41,CBA8,Downstream_Release,183.59,183.59,2019DS,,37.68777,-121.26221,4.92,82,,
Downstream_Release,3/12/2019 20:41,CA97,Downstream_Release,183.59,183.59,2019DS,,37.68777,-121.26221,4.52,79,,
Downstream_Release,3/12/2019 20:41,CA22,Downstream_Release,183.59,183.59,2019DS,,37.68777,-121.26221,5.77,83,,
Downstream_Release,3/12/2019 20:41,CA82,Downstream_Release,183.59,183.59,2019DS,,37.68777,-121.26221,5.14,80,,
Downstream_Release,3/12/2019 20:41,CB44,Downstream_Release,183.59,183.59,2019DS,,37.68777,-121.26221,6.05,86,,
Downstream_Release,3/12/2019 20:41,C953,Downstream_Release,183.59,183.59,2019DS,,37.68777,-121.26221,4.95,81,,
Downstream_Release,3/12/2019 20:41,CA4E,Downstream_Release,183.59,183.59,2019DS,,37.68777,-121.26221,4.61,77,,
Downstream_Release,3/12/2019 20:41,C965,Downstream_Release,183.59,183.59,2019DS,,37.68777,-121.26221,4.74,79,,
Downstream_Release,3/12/2019 20:41,CB1A,Downstream_Release,183.59,183.59,2019DS,,37.68777,-121.26221,4.75,78,,
Downstream_Release,3/12/2019 20:41,CB7A,Downstream_Release,183.59,183.59,2019DS,,37.68777,-121.26221,4.99,79,,
Downstream_Release,3/12/2019 20:41,C96D,Downstream_Release,183.59,183.59,2019DS,,37.68777,-121.26221,5.15,80,,
Downstream_Release,3/12/2019 20:41,CA25,Downstream_Release,183.59,183.59,2019DS,,37.68777,-121.26221,5.1,80,,
Downstream_Release,3/12/2019 20:41,CADB,Downstream_Release,183.59,183.59,2019DS,,37.68777,-121.26221,6.15,85,,
Downstream_Release,3/12/2019 20:41,CA69,Downstream_Release,183.59,183.59,2019DS,,37.68777,-121.26221,4.74,75,,
Downstream_Release,3/12/2019 20:41,C9BA,Downstream_Release,183.59,183.59,2019DS,,37.68777,-121.26221,4.71,78,,
Downstream_Release,3/12/2019 20:41,C9A6,Downstream_Release,183.59,183.59,2019DS,,37.68777,-121.26221,5.01,78,,
Downstream_Release,3/12/2019 20:41,BCB6,Downstream_Release,183.59,183.59,2019DS,,37.68777,-121.26221,4.92,80,,
